{
  "schema_version": 1,
  "zetta_version": "0.1.0",
  "build_profile": "release",
  "target": {
    "os": "linux",
    "architecture": "x86_64"
  },
  "workload": {
    "producer_hz": 240,
    "rows": 34,
    "pane_count": 64,
    "minimized_pane_count": 63
  },
  "started_unix_ms": 1784404031139,
  "requested_duration_ms": 2000,
  "elapsed_ms": 2015,
  "sample_interval_ms": 1000,
  "summary": {
    "frame_count": 120,
    "metrics": {
      "draw_fps": 59.53818944366894,
      "average_draw_ms": 1.5058382583333334,
      "p50_draw_ms": 1.356141,
      "p95_draw_ms": 1.593623,
      "p99_draw_ms": 9.081596000000001,
      "average_latency_ms": 15.531451773109241,
      "slow_120_hz": 2,
      "slow_60_hz": 0
    }
  },
  "samples": [
    {
      "elapsed_ms": 1015,
      "frame_count": 61,
      "metrics": {
        "draw_fps": 60.05971110879216,
        "average_draw_ms": 1.6948356229508197,
        "p50_draw_ms": 1.3788310000000001,
        "p95_draw_ms": 1.860552,
        "p99_draw_ms": 11.038457,
        "average_latency_ms": 15.18221705,
        "slow_120_hz": 2,
        "slow_60_hz": 0
      }
    },
    {
      "elapsed_ms": 2015,
      "frame_count": 59,
      "metrics": {
        "draw_fps": 59.00976469982347,
        "average_draw_ms": 1.3104342033898304,
        "p50_draw_ms": 1.328461,
        "p95_draw_ms": 1.4490779999999999,
        "p99_draw_ms": 1.724155,
        "average_latency_ms": 15.886605728813558,
        "slow_120_hz": 0,
        "slow_60_hz": 0
      }
    }
  ]
}