{
  "schema_version": 1,
  "zetta_version": "0.1.0",
  "build_profile": "release",
  "target": {
    "os": "linux",
    "architecture": "x86_64"
  },
  "workload": {
    "producer_hz": 240,
    "rows": 34,
    "pane_count": 1,
    "minimized_pane_count": 0
  },
  "started_unix_ms": 1784404033248,
  "requested_duration_ms": 2000,
  "elapsed_ms": 2006,
  "sample_interval_ms": 1000,
  "summary": {
    "frame_count": 121,
    "metrics": {
      "draw_fps": 60.29595369915375,
      "average_draw_ms": 1.3501773140495867,
      "p50_draw_ms": 1.2006199999999998,
      "p95_draw_ms": 1.695474,
      "p99_draw_ms": 3.864588,
      "average_latency_ms": 15.020288925,
      "slow_120_hz": 1,
      "slow_60_hz": 0
    }
  },
  "samples": [
    {
      "elapsed_ms": 1006,
      "frame_count": 61,
      "metrics": {
        "draw_fps": 60.59286460591851,
        "average_draw_ms": 1.515851393442623,
        "p50_draw_ms": 1.284465,
        "p95_draw_ms": 1.762851,
        "p99_draw_ms": 8.719788,
        "average_latency_ms": 14.808495183333331,
        "slow_120_hz": 1,
        "slow_60_hz": 0
      }
    },
    {
      "elapsed_ms": 2006,
      "frame_count": 60,
      "metrics": {
        "draw_fps": 59.99820221386886,
        "average_draw_ms": 1.181742,
        "p50_draw_ms": 1.153254,
        "p95_draw_ms": 1.3591110000000002,
        "p99_draw_ms": 1.59764,
        "average_latency_ms": 15.232082666666667,
        "slow_120_hz": 0,
        "slow_60_hz": 0
      }
    }
  ]
}