{
  "schema_version": 1,
  "zetta_version": "0.1.0",
  "build_profile": "release",
  "target": {
    "os": "linux",
    "architecture": "x86_64"
  },
  "workload": {
    "producer_hz": 240,
    "rows": 34,
    "pane_count": 64,
    "minimized_pane_count": 63
  },
  "started_unix_ms": 1784404039583,
  "requested_duration_ms": 2000,
  "elapsed_ms": 2013,
  "sample_interval_ms": 1000,
  "summary": {
    "frame_count": 121,
    "metrics": {
      "draw_fps": 60.08463360601965,
      "average_draw_ms": 1.591443644628099,
      "p50_draw_ms": 1.381603,
      "p95_draw_ms": 2.017182,
      "p99_draw_ms": 10.036923999999999,
      "average_latency_ms": 15.558813975,
      "slow_120_hz": 2,
      "slow_60_hz": 0
    }
  },
  "samples": [
    {
      "elapsed_ms": 1014,
      "frame_count": 62,
      "metrics": {
        "draw_fps": 61.125910241703835,
        "average_draw_ms": 1.7610188709677417,
        "p50_draw_ms": 1.389594,
        "p95_draw_ms": 2.686541,
        "p99_draw_ms": 10.418264,
        "average_latency_ms": 15.181466213114756,
        "slow_120_hz": 2,
        "slow_60_hz": 0
      }
    },
    {
      "elapsed_ms": 2013,
      "frame_count": 59,
      "metrics": {
        "draw_fps": 59.02848638015674,
        "average_draw_ms": 1.4132459491525424,
        "p50_draw_ms": 1.3584910000000001,
        "p95_draw_ms": 1.615491,
        "p99_draw_ms": 4.084191,
        "average_latency_ms": 15.948953186440677,
        "slow_120_hz": 0,
        "slow_60_hz": 0
      }
    }
  ]
}