{
  "schema_version": 1,
  "zetta_version": "0.1.0",
  "build_profile": "release",
  "target": {
    "os": "linux",
    "architecture": "x86_64"
  },
  "workload": {
    "producer_hz": 240,
    "rows": 34,
    "pane_count": 1,
    "minimized_pane_count": 0
  },
  "started_unix_ms": 1784404029030,
  "requested_duration_ms": 2000,
  "elapsed_ms": 2006,
  "sample_interval_ms": 1000,
  "summary": {
    "frame_count": 120,
    "metrics": {
      "draw_fps": 59.80202405382427,
      "average_draw_ms": 1.4200304666666665,
      "p50_draw_ms": 1.295848,
      "p95_draw_ms": 1.7978049999999999,
      "p99_draw_ms": 3.576549,
      "average_latency_ms": 15.659638529411765,
      "slow_120_hz": 1,
      "slow_60_hz": 0
    }
  },
  "samples": [
    {
      "elapsed_ms": 1006,
      "frame_count": 61,
      "metrics": {
        "draw_fps": 60.598695862618975,
        "average_draw_ms": 1.399507704918033,
        "p50_draw_ms": 1.241471,
        "p95_draw_ms": 1.7978049999999999,
        "p99_draw_ms": 8.792525000000001,
        "average_latency_ms": 15.165202166666667,
        "slow_120_hz": 1,
        "slow_60_hz": 0
      }
    },
    {
      "elapsed_ms": 2006,
      "frame_count": 59,
      "metrics": {
        "draw_fps": 59.000869967827676,
        "average_draw_ms": 1.4412489152542374,
        "p50_draw_ms": 1.312773,
        "p95_draw_ms": 2.976593,
        "p99_draw_ms": 3.576549,
        "average_latency_ms": 16.162455169491526,
        "slow_120_hz": 0,
        "slow_60_hz": 0
      }
    }
  ]
}