{
  "schema_version": 1,
  "zetta_version": "0.1.0",
  "build_profile": "release",
  "target": {
    "os": "linux",
    "architecture": "x86_64"
  },
  "workload": {
    "producer_hz": 240,
    "rows": 34,
    "pane_count": 1,
    "minimized_pane_count": 0
  },
  "started_unix_ms": 1784404037475,
  "requested_duration_ms": 2000,
  "elapsed_ms": 2008,
  "sample_interval_ms": 1000,
  "summary": {
    "frame_count": 121,
    "metrics": {
      "draw_fps": 60.25201976808217,
      "average_draw_ms": 1.4695115371900824,
      "p50_draw_ms": 1.2607689999999998,
      "p95_draw_ms": 3.779219,
      "p99_draw_ms": 4.21729,
      "average_latency_ms": 15.291610325,
      "slow_120_hz": 1,
      "slow_60_hz": 0
    }
  },
  "samples": [
    {
      "elapsed_ms": 1008,
      "frame_count": 61,
      "metrics": {
        "draw_fps": 60.49629190259791,
        "average_draw_ms": 1.3895583606557376,
        "p50_draw_ms": 1.170684,
        "p95_draw_ms": 1.6887409999999998,
        "p99_draw_ms": 8.619716,
        "average_latency_ms": 15.171458983333334,
        "slow_120_hz": 1,
        "slow_60_hz": 0
      }
    },
    {
      "elapsed_ms": 2008,
      "frame_count": 60,
      "metrics": {
        "draw_fps": 60.006231227069314,
        "average_draw_ms": 1.5507972666666665,
        "p50_draw_ms": 1.320498,
        "p95_draw_ms": 3.7873479999999997,
        "p99_draw_ms": 4.21729,
        "average_latency_ms": 15.411761666666667,
        "slow_120_hz": 0,
        "slow_60_hz": 0
      }
    }
  ]
}