{
  "schema_version": 1,
  "zetta_version": "0.1.0",
  "build_profile": "release",
  "target": {
    "os": "linux",
    "architecture": "x86_64"
  },
  "workload": {
    "producer_hz": 240,
    "rows": 34,
    "pane_count": 64,
    "minimized_pane_count": 63
  },
  "started_unix_ms": 1784404035357,
  "requested_duration_ms": 2000,
  "elapsed_ms": 2018,
  "sample_interval_ms": 1000,
  "summary": {
    "frame_count": 120,
    "metrics": {
      "draw_fps": 59.460090221203025,
      "average_draw_ms": 1.591325,
      "p50_draw_ms": 1.341722,
      "p95_draw_ms": 2.2735730000000003,
      "p99_draw_ms": 8.689694,
      "average_latency_ms": 15.42616207563025,
      "slow_120_hz": 2,
      "slow_60_hz": 0
    }
  },
  "samples": [
    {
      "elapsed_ms": 1020,
      "frame_count": 61,
      "metrics": {
        "draw_fps": 59.7846986779543,
        "average_draw_ms": 1.8982386229508197,
        "p50_draw_ms": 1.462033,
        "p95_draw_ms": 2.6665460000000003,
        "p99_draw_ms": 15.401766,
        "average_latency_ms": 15.509745116666666,
        "slow_120_hz": 2,
        "slow_60_hz": 0
      }
    },
    {
      "elapsed_ms": 2018,
      "frame_count": 59,
      "metrics": {
        "draw_fps": 59.12925738445201,
        "average_draw_ms": 1.2740075254237289,
        "p50_draw_ms": 1.2504339999999998,
        "p95_draw_ms": 1.470262,
        "p99_draw_ms": 1.486672,
        "average_latency_ms": 15.341162372881355,
        "slow_120_hz": 0,
        "slow_60_hz": 0
      }
    }
  ]
}